time,image_urls
2021-06-01T12:40:51+02:00,https://ds1.static.rtbf.be/article/image/1920xAuto/0/6/6/87e33680c3312417530e16d3a0dcf36e-1622543985.jpg
2021-06-01T11:20:07+02:00,https://ds1.static.rtbf.be/article/image/1920xAuto/a/1/0/27b4a9837cb106cdb502ad6a59caddd3-1622539008.jpg
2021-06-01T11:10:01+02:00,https://ds1.static.rtbf.be/article/image/1920xAuto/c/d/2/b3217cd5051ef045c646ab993b41f7bd938cc23c.jpg
2021-06-01T11:06:00+02:00,https://ds1.static.rtbf.be/article/image/1920xAuto/9/f/3/82e35f9e78e7e5f49c66b726505b5e3c-1622469914.jpg
2021-05-31T16:36:05+02:00,
2021-05-31T16:42:00+02:00,
2021-05-31T16:18:04+02:00,https://ds1.static.rtbf.be/article/image/1920xAuto/3/c/0/17f5e6db87929fb55cebeb7fd58c1d41-1622470647.jpg
2021-05-31T16:59:14+02:00,
2021-05-31T16:47:32+02:00,https://ds1.static.rtbf.be/article/image/1920xAuto/9/a/7/91d0dbfd38d950cb716c4dd26c5da08a-1622472070.jpg
2021-05-31T16:34:19+02:00,https://ds1.static.rtbf.be/article/image/1920xAuto/7/e/b/d6f84c02e2a54908d96f410083beb6e0-1622471436.jpg
2021-05-31T17:14:03+02:00,https://ds1.static.rtbf.be/article/image/1920xAuto/1/2/e/abc1e5541e0a59f82a5e87aef3413ca9-1622386335.jpg
2021-05-31T17:08:53+02:00,https://ds1.static.rtbf.be/article/image/1920xAuto/3/4/a/7bad3bd3f0f97b500e337b6dd91746ca-1622473314.jpg
2021-05-31T16:53:26+02:00,https://ds1.static.rtbf.be/article/image/1920xAuto/8/e/2/pxy_113612528_113045342_640554_590164.jpg
2021-05-31T17:41:56+02:00,https://ds1.static.rtbf.be/article/image/1920xAuto/e/1/d/113614441_113046693_640554_623853.jpg
2021-05-31T17:48:46+02:00,https://ds1.static.rtbf.be/article/image/1920xAuto/e/e/3/c5c53759e4dd1bfe8b3dcfec37d0ea72-1622475710.jpg
2021-05-31T17:23:14+02:00,https://ds1.static.rtbf.be/article/image/1920xAuto/0/3/6/7c220a2091c26a7f5e9f1cfb099511e3-1622474346.jpg
2021-05-31T18:09:40+02:00,https://ds1.static.rtbf.be/article/image/1920xAuto/2/8/6/ca3a856a28df7d77d948949206ff9fdf-1622477280.jpg
2021-05-31T18:27:09+02:00,
2021-05-31T17:54:31+02:00,https://ds1.static.rtbf.be/article/image/1920xAuto/9/9/b/53c5b2affa12eed84dfec9bfd83550b1-1622476112.jpg
2021-05-31T18:35:00+02:00,
2021-05-31T18:17:33+02:00,https://ds1.static.rtbf.be/article/image/1920xAuto/9/a/2/6a1a681b16826ba2e48fedb229db3b65-1622477550.jpg
2021-05-31T18:30:42+02:00,https://ds1.static.rtbf.be/article/image/1920xAuto/2/6/8/1d0932d7f57ce74d9d9931a2c6db8a06-1622478230.jpg
2021-05-31T18:43:54+02:00,https://ds1.static.rtbf.be/article/image/1920xAuto/6/0/b/97ffcbd95363387c7e371563057eb02f-1622478477.jpg
2021-05-31T18:34:26+02:00,https://ds1.static.rtbf.be/article/image/1920xAuto/e/7/9/98a98ed23fa5d058c9cd2808fff817e9-1622478284.jpg
2021-05-31T18:47:16+02:00,https://ds1.static.rtbf.be/article/image/1920xAuto/1/d/3/c3fffae4f3f1c0a53b384d860f62d4d6-1622479586.jpg
2021-05-31T19:04:49+02:00,https://ds1.static.rtbf.be/article/image/1920xAuto/8/1/b/c4aefe440ac4a492f6df7b2c7c2986b1-1622480596.jpg
2021-05-31T18:48:06+02:00,https://ds1.static.rtbf.be/article/image/1920xAuto/4/1/3/6dfe08eda761bd321f8a9b239f6f4ec3-1622479673.jpg
2021-05-31T19:12:21+02:00,https://ds1.static.rtbf.be/article/image/1920xAuto/e/0/5/6213a8959a9a96589ca484dfd1e25053-1622477540.jpg
2021-05-31T19:32:54+02:00,https://ds1.static.rtbf.be/article/image/1920xAuto/8/c/6/edfbf6055b4fdde41789f5a19dfb2ee2-1622473518.jpg
2021-05-31T19:34:19+02:00,
2021-05-31T20:30:06+02:00,
2021-05-31T20:19:00+02:00,https://ds1.static.rtbf.be/article/image/1920xAuto/2/7/5/ad07b8abdc4dd5f11371e47695e44f21-1622485087.jpg
2021-05-31T19:53:15+02:00,https://ds1.static.rtbf.be/article/image/1920xAuto/e/8/a/6f01882bf3e87ce7502ea53441e6130f-1622483541.jpg
2021-05-31T19:41:17+02:00,https://ds1.static.rtbf.be/article/image/1920xAuto/f/2/f/63d669bae6c1257e73ce71cc75dbe86d-1622482302.jpg
2021-05-31T20:33:11+02:00,https://ds1.static.rtbf.be/article/image/1920xAuto/8/5/9/985e9a46e10005356bbaf194249f6856-1622525062.jpg
2021-05-31T20:31:51+02:00,https://ds1.static.rtbf.be/article/image/1920xAuto/3/4/a/5383c7318a3158b9bc261d0b6996f7c2-1622485834.jpg
2021-05-31T21:24:25+02:00,https://ds1.static.rtbf.be/article/image/1920xAuto/0/b/e/333222170ab9edca4785c39f55221fe7-1622488610.jpg
2021-05-31T22:53:45+02:00,https://ds1.static.rtbf.be/article/image/1920xAuto/b/1/7/ee16fa83c0f151ef85e617f5aa3867a6-1622494359.png
2021-05-31T21:02:37+02:00,https://ds1.static.rtbf.be/article/image/1920xAuto/1/a/3/c66dd00e5fc44ba8de89d7713fedcd50-1622487588.jpg
2021-05-31T21:45:43+02:00,https://ds1.static.rtbf.be/article/image/1920xAuto/b/2/8/2e64da0bae6a7533021c760d4ba5d621-1622490315.jpg
2021-05-31T22:55:57+02:00,
2021-05-31T20:44:36+02:00,https://ds1.static.rtbf.be/article/image/1920xAuto/9/7/6/113617740_113048970_640554_9620135.jpg
2021-06-01T06:00:11+02:00,https://ds1.static.rtbf.be/article/image/1920xAuto/c/7/4/707c71fdf7e51b305670049c51278767-1622467648.jpg
2021-06-01T06:27:41+02:00,https://ds1.static.rtbf.be/article/image/1920xAuto/c/8/a/f899139df5e1059396431415e770c6dd-1622521503.jpg
2021-05-31T23:07:42+02:00,https://ds1.static.rtbf.be/article/image/1920xAuto/e/9/f/50729efe9ab8cadf60c00f3d2834f922-1622495215.jpg
2021-06-01T06:36:29+02:00,https://ds1.static.rtbf.be/article/image/1920xAuto/7/c/d/d3379ca1dbb250502fc0bd5db6b7de1b-1622522015.jpg
2021-06-01T07:00:00+02:00,https://ds1.static.rtbf.be/article/image/1920xAuto/8/2/e/385fef3337ede5c2054f8ccb1c4ec0bf-1622465701.jpg
2021-06-01T06:30:00+02:00,https://ds1.static.rtbf.be/article/image/1920xAuto/c/c/4/3d7d9461075eb7c37fbbfcad1d7042c1-1622468445.jpg
2021-06-01T06:56:09+02:00,https://ds1.static.rtbf.be/article/image/1920xAuto/c/d/b/894db62f7b7a6ed2f2a277dae56a017c-1622523050.jpg
2021-06-01T06:57:18+02:00,https://ds1.static.rtbf.be/article/image/1920xAuto/7/2/5/dab38c48cf4618709456593bccb80030a48fe626.jpg
2021-06-01T08:15:00+02:00,
2021-06-01T07:07:25+02:00,https://ds1.static.rtbf.be/article/image/1920xAuto/1/c/c/20c89203e3dad0516682fd61008a5cdb-1622523931.png
2021-06-01T07:13:07+02:00,https://ds1.static.rtbf.be/article/image/1920xAuto/d/a/3/c5c3d4fe6b2cc463c7d7ecba17cc9de7-1622524243.jpg
2021-06-01T07:47:01+02:00,https://ds1.static.rtbf.be/article/image/1920xAuto/8/f/2/8038da89e49ac5eabb489cfc6cea9fc1-1622526360.jpg
2021-06-01T08:07:28+02:00,https://ds1.static.rtbf.be/article/image/1920xAuto/1/7/8/3fbde837c5de0888951171d05db086ef-1622527611.jpg
2021-06-01T08:00:37+02:00,https://ds1.static.rtbf.be/article/image/1920xAuto/e/e/b/a983a846cabdb41eb7754c0afa4f9530c7a1e5ff.jpg
